{
  "EsriConfig": {
  },
  "MapView": {
    "zoom": 5,
    "scale": 140000,
    "center": [106.816666, -6.200000]
  }
}