{
  "EsriConfig": {
  },
  "MapView": {
    "zoom": 12,
    "scale": 288895,
    "center": [106.816666, -6.200000]
  }
}